title,tag,image_url,sale,gift,best,new,product_url,price,price_sale
더메이크업 리쥬비네이팅 뷰티밤,#No.1커버비비,https://image.drjart.com/img/001/1566294646374.png,,,,,https://www.drjart.com/ko/prd/view/924?activeTopGnb=all,"29,000",0
2세대 시카페어 리커버,#그린커버크림,https://image.drjart.com/img/001/1567175555779.png,,,,NEW,https://www.drjart.com/ko/prd/view/708?activeTopGnb=all,"43,000",0
에브리 선 데이 톤 업 선스크린,#촉촉한톤업선케어,https://image.drjart.com/img/001/1554105011443.png,SALE,,,,https://www.drjart.com/ko/prd/view/880?activeTopGnb=all,"29,000"," 24,650"
더메이크업 픽시온 파운데이션,#민감성고커버파데,https://image.drjart.com/img/001/1582886316099.png,,,,,https://www.drjart.com/ko/prd/view/925?activeTopGnb=all,"39,000",0
포맨 비비 블록,자외선 차단과 잡티를 한번에 끝내주는,https://image.drjart.com/img/001/1581914311727.png,,GIFT,,,https://www.drjart.com/ko/prd/view/687?activeTopGnb=all,"29,000",0
더메이크업 디스어포어 뷰티밤,#모공커버비비,https://image.drjart.com/img/001/1587993633434.png,,,,,https://www.drjart.com/ko/prd/view/922?activeTopGnb=all,"32,000",0
더메이크업 너리싱 뷰티밤,#수분커버비비,https://image.drjart.com/img/001/1553142354724.png,,,,,https://www.drjart.com/ko/prd/view/923?activeTopGnb=all,"32,000",0
더메이크업 소프트 리퀴드 컨실러,#휴대용뭉침제로컨실러,https://image.drjart.com/img/001/1553142621303.png,,,,,https://www.drjart.com/ko/prd/view/900?activeTopGnb=all,"15,000",0
더메이크업 듀얼 핏 팩트,#프라이밍커버팩트,https://image.drjart.com/img/001/1553142453680.png,,,,,https://www.drjart.com/ko/prd/view/901?activeTopGnb=all,"37,000",0
닥터자르트 프리미엄 뷰티 밤,#윤기없고칙칙한피부,https://image.drjart.com/img/001/1509068474966.png,,,,,https://www.drjart.com/ko/prd/view/296?activeTopGnb=all,"48,000",0
더메이크업 파워 밤 컨실러,#고밀착고커버컨실러,https://image.drjart.com/img/001/1553142747170.png,,,,,https://www.drjart.com/ko/prd/view/899?activeTopGnb=all,"18,000",0
안심파데 밤컨실러 세트,#확실한커버,https://image.drjart.com/img/001/1536030559039.png,SALE,,,,https://www.drjart.com/ko/prd/view/929?activeTopGnb=all,"57,000"," 48,450"
커버 잡는 컨실러 SET,#착붙_메이크업,https://image.drjart.com/img/001/1571399210707.png,SALE,GIFT,,,https://www.drjart.com/ko/prd/view/21127?activeTopGnb=all,"44,000"," 37,400"
